{"cameraMode":{"drawMode":0,"name":"Shaded","section":"Shading Mode"},"sceneLighting":true,"audioPlay":false,"sceneViewState":{"showFog":true,"showMaterialUpdate":false,"showSkybox":true,"showFlares":true,"showImageEffects":true,"showParticleSystems":true},"in2DMode":false,"pivot":{"x":2.991786003112793,"y":-0.3182353973388672,"z":3.3524913787841799},"rotation":{"x":-0.0987665057182312,"y":-0.2532385289669037,"z":0.02599976398050785,"w":-0.9619981646537781},"size":7.140419006347656,"orthographic":true}